P,FMQ,fo2,F,rho_bulk,rho_melt,Exsol_vol%,Gas_wt,mol_mass,mH2O,mH2,mO2,mCO2,mCO,mCH4,mSO2,mH2S,mS2,mN2,wH2O,wH2,wO2,wCO2,wCO,wCH4,wSO2,wH2S,wS2,wN2,fH2O,fH2,fCO2,fCO,fCH4,fSO2,fH2S,fS2,fN2,mCO2/CO,mCO2/H2O,mCO2/SO2,mH2S/SO2,H2O_melt,H2_melt,CO2_melt,CO_melt,CH4_melt,graph_melt,S2-_melt,S6+_melt,Stot_melt,N_melt,tot_H,tot_C,tot_O_gas,tot_O,tot_S,tot_N
3000.0,4.569176985965197,0.0003106736843804621,0.7560555198354877,2371.308147635746,2371.411882176272,0.0053743793533700835,0.000999999974758375,0.018014384060257346,0.9999438877108023,5.6052452802379804e-05,5.983639533720767e-08,0.0,0.0,0.0,0.0,0.0,0.0,0.0,0.9999936196065158,6.274106594633358e-06,1.0628688944965729e-07,0.0,0.0,0.0,0.0,0.0,0.0,0.0,3228.8662912775208,0.23999999987459103,0.0,0.0,0.0,0.0,0.0,0.0,0.0,,0.0,,,6.567778978845025,2.012962389204244e-06,0.0,0.0,0.0,0.0,0.0,0.0,0.0,0.0,7350.3750830910485,0,58337.43482952336,0,0,0
2900.0,4.891672228193224,0.0006417010022792547,0.8754031854909949,2362.5278912358763,2378.35536761338,0.8109091548834148,0.14639902787753004,0.01801465395421905,0.9999606255060343,3.924435017910177e-05,1.30143786657092e-07,0.0,0.0,0.0,0.0,0.0,0.0,0.0,0.9999953761669298,4.3926632119740455e-06,2.3116985822020952e-07,0.0,0.0,0.0,0.0,0.0,0.0,0.0,3104.467169372104,0.1605588049350849,0.0,0.0,0.0,0.0,0.0,0.0,0.0,,0.0,,,6.4223805834990335,1.3804067057253321e-06,0.0,0.0,0.0,0.0,0.0,0.0,0.0,0.0,7350.3750830910485,0,58337.43482952335,0,0,0
2800.0,5.086623455764004,0.0009881365251140715,0.9568992185992505,2351.734105974661,2384.6711347384503,1.6695216550421852,0.2923544486330231,0.018014773755594796,0.9999679615591159,3.182715806859804e-05,2.112828154432347e-07,0.0,0.0,0.0,0.0,0.0,0.0,0.0,0.9999960622831545,3.562425062906496e-06,3.7529178254072145e-07,0.0,0.0,0.0,0.0,0.0,0.0,0.0,2981.7123045286316,0.12427125250522994,0.0,0.0,0.0,0.0,0.0,0.0,0.0,,0.0,,,6.27642555159267,9.915600427589236e-07,0.0,0.0,0.0,0.0,0.0,0.0,0.0,0.0,7350.3750830910485,0,58337.434829523365,0,0,0
2700.0,5.25373484738155,0.0014271228237915667,1.0329277365526754,2339.375065891794,2390.930757239959,2.585787848978146,0.43894153092955057,0.018014858023802538,0.9999730209625205,2.6656908974631577e-05,3.2212850490718675e-07,0.0,0.0,0.0,0.0,0.0,0.0,0.0,0.9999964441175848,2.9837032956589168e-06,5.721791195470301e-07,0.0,0.0,0.0,0.0,0.0,0.0,0.0,2860.576515421968,0.0992056272385143,0.0,0.0,0.0,0.0,0.0,0.0,0.0,,0.0,,,6.129838719656208,7.412045742016701e-07,0.0,0.0,0.0,0.0,0.0,0.0,0.0,0.0,7350.3750830910485,0,58337.43482952336,0,0,0
2600.0,5.3965581051662985,0.0019490259302299409,1.1028475295341584,2325.331801159859,2397.1570446797023,3.5649810498917445,0.5862690906882507,0.01801491911180031,0.9999765713662166,2.296357092068657e-05,4.6506286263887414e-07,0.0,0.0,0.0,0.0,0.0,0.0,0.0,0.9999966036373767,2.5702998785124756e-06,8.260627448091627e-07,0.0,0.0,0.0,0.0,0.0,0.0,0.0,2741.0128114318272,0.08134215448324886,0.0,0.0,0.0,0.0,0.0,0.0,0.0,,0.0,,,5.982511327738358,5.733713008382872e-07,0.0,0.0,0.0,0.0,0.0,0.0,0.0,0.0,7350.3750830910485,0,58337.43482952336,0,0,0
2500.0,5.517839134033048,0.0025329793746443024,1.1661139830448315,2309.4653732812876,2403.3712095251863,4.613027194219558,0.7344580956553568,0.01801496445469543,0.9999790778675319,2.0282244329483667e-05,6.398881386339661e-07,0.0,0.0,0.0,0.0,0.0,0.0,0.0,0.999996593233909,2.2701747521523107e-06,1.1365913389400988e-06,0.0,0.0,0.0,0.0,0.0,0.0,0.0,2622.9719811761056,0.0682796425801274,0.0,0.0,0.0,0.0,0.0,0.0,0.0,,0.0,,,5.834322439072136,4.570818073066582e-07,0.0,0.0,0.0,0.0,0.0,0.0,0.0,0.0,7350.375083091048,0,58337.43482952335,0,0,0
2400.0,5.6198349483307375,0.003148911647038736,1.2223312060780027,2291.6152516723164,2409.593807755187,5.736591309805913,0.8836427794993625,0.018014998704789047,0.9999808369624459,1.831947842245718e-05,8.435591316280758e-07,0.0,0.0,0.0,0.0,0.0,0.0,0.0,0.9999964511639838,2.050480096966247e-06,1.4983559190578667e-06,0.0,0.0,0.0,0.0,0.0,0.0,0.0,2506.4029033005377,0.0585172706518431,0.0,0.0,0.0,0.0,0.0,0.0,0.0,,0.0,,,5.685137838129878,3.7419596083361283e-07,0.0,0.0,0.0,0.0,0.0,0.0,0.0,0.0,7350.3750830910485,0,58337.43482952336,0,0,0
2300.0,5.704671595451,0.0037629645753922466,1.2713814454042525,2271.5977663395056,2415.8463906870484,6.943183304905835,1.0339724231674732,0.01801502491502485,0.9999820492560361,1.6879888280585398e-05,1.0708556833130075e-06,0.0,0.0,0.0,0.0,0.0,0.0,0.0,0.9999962085701302,1.8893455262770834e-06,1.902084343531367e-06,0.0,0.0,0.0,0.0,0.0,0.0,0.0,2391.252513855491,0.05107093265795081,0.0,0.0,0.0,0.0,0.0,0.0,0.0,,0.0,,,5.534808255123679,3.135549382589092e-07,0.0,0.0,0.0,0.0,0.0,0.0,0.0,0.0,7350.3750830910485,0,58337.434829523365,0,0,0
2200.0,5.77449049230939,0.004343922158414646,1.3134744511457916,2249.202991028361,2422.1521974008074,8.241283075935439,1.1856138831115473,0.018015045173596762,0.9999828566509079,1.582764448937457e-05,1.315704602679499e-06,0.0,0.0,0.0,0.0,0.0,0.0,0.0,0.9999958914435089,1.7715671562761331e-06,2.3369893349989956e-06,0.0,0.0,0.0,0.0,0.0,0.0,0.0,2277.4654638725556,0.04527142836242167,0.0,0.0,0.0,0.0,0.0,0.0,0.0,,0.0,,,5.3831668407331845,2.6802749117123327e-07,0.0,0.0,0.0,0.0,0.0,0.0,0.0,0.0,7350.3750830910485,0,58337.43482952336,0,0,0
2100.0,5.831409955568683,0.004867819935992666,1.3490913917992293,2224.1901480160395,2428.5359553305384,9.640484713633462,1.3387548426717673,0.018015060951554158,0.9999833615893844,1.5065905112909839e-05,1.5725055027018365e-06,0.0,0.0,0.0,0.0,0.0,0.0,0.0,0.9999955205713505,1.6863052060365424e-06,2.793123443499345e-06,0.0,0.0,0.0,0.0,0.0,0.0,0.0,2164.9835923120686,0.04065376488723902,0.0,0.0,0.0,0.0,0.0,0.0,0.0,,0.0,,,5.23002591629419,2.3293774411713046e-07,0.0,0.0,0.0,0.0,0.0,0.0,0.0,0.0,7350.375083091048,0,58337.43482952335,0,0,0
2000.0,5.877407682472358,0.005319431728961931,1.3788680939752873,2196.287253302267,2435.0207562743235,11.15131007153453,1.4935571784764319,0.018015073298248342,0.9999836377364836,1.4525314544155954e-05,1.836948972308216e-06,0.0,0.0,0.0,0.0,0.0,0.0,0.0,0.9999951113711523,1.6257965627974385e-06,3.262832285051625e-06,0.0,0.0,0.0,0.0,0.0,0.0,0.0,2053.7812712371065,0.03689223647851262,0.0,0.0,0.0,0.0,0.0,0.0,0.0,,0.0,,,5.075223608289738,2.0517438456381133e-07,0.0,0.0,0.0,0.0,0.0,0.0,0.0,0.0,7350.3750830910485,0,58337.434829523365,0,0,0
1900.0,5.914241621926598,0.005691571373487679,1.403492969254569,2165.143053890361,2441.6486080465097,12.788204931465804,1.6505623740421984,0.01801508300467824,0.9999837395550462,1.415408969862586e-05,2.106355255191018e-06,0.0,0.0,0.0,0.0,0.0,0.0,0.0,0.9999946743988367,1.5842450718044267e-06,3.7413560915763415e-06,0.0,0.0,0.0,0.0,0.0,0.0,0.0,1943.5827420834805,0.03375206550938652,0.0,0.0,0.0,0.0,0.0,0.0,0.0,,0.0,,,4.918218435336273,1.8260440318350904e-07,0.0,0.0,0.0,0.0,0.0,0.0,0.0,0.0,7350.3750830910485,0,58337.43482952335,0,0,0
1800.0,5.943354501473181,0.005982436167720048,1.4235958149567278,2130.432279147533,2448.4249161813423,14.562259294375481,1.809627015134794,0.01801509058485408,0.9999837017794161,1.391888706114841e-05,2.379333522793648e-06,0.0,0.0,0.0,0.0,0.0,0.0,0.0,0.9999942158569278,1.5579185537760084e-06,4.22622451830353e-06,0.0,0.0,0.0,0.0,0.0,0.0,0.0,1834.6152210197938,0.03107558907758617,0.0,0.0,0.0,0.0,0.0,0.0,0.0,,0.0,,,4.759153813062853,1.6383308765725033e-07,0.0,0.0,0.0,0.0,0.0,0.0,0.0,0.0,7350.375083091048,0,58337.43482952335,0,0,0
1700.0,5.965946970350641,0.006194461382179317,1.439751147507655,2091.735562918416,2455.3765876880266,16.489141296656424,1.9710419662413066,0.018015096446747106,0.9999835499477261,1.3794188853055722e-05,2.655863420817616e-06,0.0,0.0,0.0,0.0,0.0,0.0,0.0,0.9999937386377492,1.5439607823095442e-06,4.717401468333739e-06,0.0,0.0,0.0,0.0,0.0,0.0,0.0,1726.8138416378235,0.028744658979975333,0.0,0.0,0.0,0.0,0.0,0.0,0.0,,0.0,,,4.597738877982334,1.478607329007078e-07,0.0,0.0,0.0,0.0,0.0,0.0,0.0,0.0,7350.3750830910485,0,58337.43482952336,0,0,0
1600.0,5.982956763936602,0.00633207938384727,1.452433407984142,2048.57001523813,2462.5320190772163,18.586656671893465,2.135139501917725,0.01801510088602465,0.999983300836323,1.3762309375331405e-05,2.936854301660594e-06,0.0,0.0,0.0,0.0,0.0,0.0,0.0,0.9999932431056134,1.5403921854218298e-06,5.2165022012660215e-06,0.0,0.0,0.0,0.0,0.0,0.0,0.0,1620.111946573721,0.02667382290229997,0.0,0.0,0.0,0.0,0.0,0.0,0.0,,0.0,,,4.433641356241508,1.3398493392255519e-07,0.0,0.0,0.0,0.0,0.0,0.0,0.0,0.0,7350.3750830910485,0,58337.434829523365,0,0,0
1500.0,5.995094603560206,0.006400548576892985,1.462016901118542,2000.3797850133617,2469.9219554980323,20.875053621194574,2.302302040706132,0.018015104115242864,0.9999829646377818,1.3811405538688426e-05,3.2239566795308796e-06,0.0,0.0,0.0,0.0,0.0,0.0,0.0,0.9999927276544012,1.5458871594667941e-06,5.726458439376161e-06,0.0,0.0,0.0,0.0,0.0,0.0,0.0,1514.4409787532547,0.02480031333679693,0.0,0.0,0.0,0.0,0.0,0.0,0.0,,0.0,,,4.26647882980003,1.217045044051061e-07,0.0,0.0,0.0,0.0,0.0,0.0,0.0,0.0,7350.375083091048,0,58337.43482952335,0,0,0
1400.0,6.002877730453246,0.006405209400973901,1.4687818691417478,1946.525235021158,2477.580524754815,23.37736156578069,2.472973444202441,0.018015106283695872,0.9999825463853192,1.3934150504657516e-05,3.5194641761182585e-06,0.0,0.0,0.0,0.0,0.0,0.0,0.0,0.9999921890301873,1.5596256072615986e-06,6.251344205540194e-06,0.0,0.0,0.0,0.0,0.0,0.0,0.0,1409.730376258521,0.023077183638002447,0.0,0.0,0.0,0.0,0.0,0.0,0.0,,0.0,,,4.095807437426805,1.1065537336783027e-07,0.0,0.0,0.0,0.0,0.0,0.0,0.0,0.0,7350.3750830910485,0,58337.434829523365,0,0,0
1300.0,6.0066564993487415,0.00635104381357074,1.4729215913547324,1886.2707059672937,2485.546493373979,26.119758361819816,2.647673882781641,0.01801510749048833,0.9999820467807067,1.4126911545564447e-05,3.826307747763583e-06,0.0,0.0,0.0,0.0,0.0,0.0,0.0,0.9999916224335115,1.5812009145943767e-06,6.796365573937436e-06,0.0,0.0,0.0,0.0,0.0,0.0,0.0,1305.907475501443,0.021468577436435994,0.0,0.0,0.0,0.0,0.0,0.0,0.0,,0.0,,,3.9211070090172164,1.00568156734545e-07,0.0,0.0,0.0,0.0,0.0,0.0,0.0,0.0,7350.3750830910485,0,58337.43482952336,0,0,0
1200.0,6.006631844125797,0.006242426837998517,1.4745474517496326,1818.7710202451378,2493.8648430638973,29.131952885543445,2.8270197749943713,0.01801510779239367,0.9999814625201102,1.4389335981079832e-05,4.148143908745061e-06,0.0,0.0,0.0,0.0,0.0,0.0,0.0,0.9999910214090171,1.6105736033674983e-06,7.368017379457204e-06,0.0,0.0,0.0,0.0,0.0,0.0,0.0,1202.8974281008325,0.0199464347278816,0.0,0.0,0.0,0.0,0.0,0.0,0.0,,0.0,,,3.7417611262250428,9.123974070658121e-08,0.0,0.0,0.0,0.0,0.0,0.0,0.0,0.0,7350.375083091048,0,58337.43482952335,0,0,0
1100.0,6.002862298151316,0.006082987479947464,1.4736900417319876,1743.0571747472427,2502.5888313275823,32.44755669134851,3.0117511336367953,0.01801510720731139,0.999980786141882,1.4724306856006564e-05,4.489551261946642e-06,0.0,0.0,0.0,0.0,0.0,0.0,0.0,0.9999903775013232,1.648066370229647e-06,7.974432306596212e-06,0.0,0.0,0.0,0.0,0.0,0.0,0.0,1100.6231377541947,0.018488155768527754,0.0,0.0,0.0,0.0,0.0,0.0,0.0,,0.0,,,3.5570297764119845,8.251397178574059e-08,0.0,0.0,0.0,0.0,0.0,0.0,0.0,0.0,7350.375083091049,0,58337.434829523365,0,0,0
1000.0,5.995258713728566,0.005875520497175732,1.4702945357517727,1658.022192282119,2511.7827987223195,36.10439601744033,3.2027700504985206,0.018015105713391794,0.9999800053305908,1.5138296726946443e-05,4.856372682231363e-06,0.0,0.0,0.0,0.0,0.0,0.0,0.0,0.9999896796076215,1.6944036857648694e-06,8.62598869284833e-06,0.0,0.0,0.0,0.0,0.0,0.0,0.0,999.0052244366374,0.017074893397264024,0.0,0.0,0.0,0.0,0.0,0.0,0.0,,0.0,,,3.3660108679132557,7.426830557977353e-08,0.0,0.0,0.0,0.0,0.0,0.0,0.0,0.0,7350.375083091048,0,58337.43482952336,0,0,0
900.0,5.983416232525327,0.00562000720014494,1.4641109335242821,1562.4086503991487,2521.525199756874,40.14466856200535,3.4011965292761035,0.018015103219428976,0.9999790974957921,1.5644883553878053e-05,5.257620654094706e-06,0.0,0.0,0.0,0.0,0.0,0.0,0.0,0.9999889101998167,1.7511053261142301e-06,9.338694857146549e-06,0.0,0.0,0.0,0.0,0.0,0.0,0.0,897.9620207994192,0.01569289059419217,0.0,0.0,0.0,0.0,0.0,0.0,0.0,,0.0,,,3.1675843971196644,6.641872905165656e-08,0.0,0.0,0.0,0.0,0.0,0.0,0.0,0.0,7350.3750830910485,0,58337.43482952336,0,0,0
800.0,5.96695809834757,0.00531877654964811,1.454927077153827,1454.8030961802951,2531.9170089008853,44.6148356757195,3.6084524162268554,0.018015099611314565,0.9999780373508691,1.625966663154621e-05,5.702982499369858e-06,0.0,0.0,0.0,0.0,0.0,0.0,0.0,0.9999880503248474,1.8199173195388946e-06,1.0129757833047032e-05,0.0,0.0,0.0,0.0,0.0,0.0,0.0,797.4096275595837,0.014324814822848721,0.0,0.0,0.0,0.0,0.0,0.0,0.0,,0.0,,,2.9603285178723104,5.887101267114078e-08,0.0,0.0,0.0,0.0,0.0,0.0,0.0,0.0,7350.375083091048,0,58337.43482952336,0,0,0
700.0,5.9451053602601585,0.004971552325403806,1.4422926713009998,1333.6400649861462,2543.088670538925,49.56491592180426,3.8263932848020565,0.018015094672726335,0.9999767832102355,1.700930271342216e-05,6.207487051049947e-06,0.0,0.0,0.0,0.0,0.0,0.0,0.0,0.9999870703041605,1.9038233556034923e-06,1.1025872484026023e-05,0.0,0.0,0.0,0.0,0.0,0.0,0.0,697.2620049236217,0.012955775305824927,0.0,0.0,0.0,0.0,0.0,0.0,0.0,,0.0,,,2.742387656796117,5.155520015901035e-08,0.0,0.0,0.0,0.0,0.0,0.0,0.0,0.0,7350.3750830910485,0,58337.43482952335,0,0,0
600.0,5.916617545822659,0.004576539422781391,1.4255004609440463,1197.2300408786584,2555.2157619495765,55.04679975452598,4.057527040938175,0.01801508804815832,0.9999752705884842,1.7935724364925854e-05,6.793687150793083e-06,0.0,0.0,0.0,0.0,0.0,0.0,0.0,0.999985925384859,2.007516949834375e-06,1.2067098191230959e-05,0.0,0.0,0.0,0.0,0.0,0.0,0.0,597.4311422242279,0.011569981585759743,0.0,0.0,0.0,0.0,0.0,0.0,0.0,,0.0,,,2.5112539080263496,4.440898768888817e-08,0.0,0.0,0.0,0.0,0.0,0.0,0.0,0.0,7350.3750830910485,0,58337.43482952336,0,0,0
500.0,5.879476796864993,0.004129804244701599,1.4034198737451606,1043.8294761510908,2568.5453681378403,61.11076760137594,4.305402108742007,0.018015079136116555,0.9999733940463317,1.910816908201607e-05,7.497784586286919e-06,0.0,0.0,0.0,0.0,0.0,0.0,0.0,0.999984543513828,2.1387478703733808e-06,1.331773830172564e-05,0.0,0.0,0.0,0.0,0.0,0.0,0.0,497.8272999990033,0.010149096691548906,0.0,0.0,0.0,0.0,0.0,0.0,0.0,,0.0,,,2.2633788475302308,3.7373491249155146e-08,0.0,0.0,0.0,0.0,0.0,0.0,0.0,0.0,7350.375083091048,0,58337.43482952334,0,0,0
400.0,5.830207675404785,0.0036240430861896188,1.3741463588755283,871.7896123660248,2583.446730290389,67.79878383765185,4.5753624016005245,0.018015066847593058,0.9999709664064478,2.0650256252197075e-05,8.38333730005332e-06,0.0,0.0,0.0,0.0,0.0,0.0,0.0,0.9999827979594565,2.3113528836277106e-06,1.489068765974561e-05,0.0,0.0,0.0,0.0,0.0,0.0,0.0,398.3593336196221,0.008669453776553688,0.0,0.0,0.0,0.0,0.0,0.0,0.0,,0.0,,,1.9934185620078446,3.038811762607342e-08,0.0,0.0,0.0,0.0,0.0,0.0,0.0,0.0,7350.375083091048,0,58337.43482952335,0,0,0
300.0,5.762190838183554,0.0030458570901687344,1.3341543554380695,679.8559125145259,2600.5213507163617,75.13175867605484,4.8762153017863765,0.018015048969416268,0.9999676116250849,2.2811184966164966e-05,9.577189949011593e-06,0.0,0.0,0.0,0.0,0.0,0.0,0.0,0.9999804355203418,2.553224997826106e-06,1.701125466051743e-05,0.0,0.0,0.0,0.0,0.0,0.0,0.0,298.93509883112336,0.007096358751658203,0.0,0.0,0.0,0.0,0.0,0.0,0.0,,0.0,,,1.6925656693096172,2.3382169268201572e-08,0.0,0.0,0.0,0.0,0.0,0.0,0.0,0.0,7350.3750830910485,0,58337.434829523365,0,0,0
200.0,5.660428714110569,0.0023685382687268506,1.2757552347326373,467.7800407470358,2620.891925713178,83.08441314052195,5.224710493183834,0.01801502002099228,0.9999624050112045,2.6205016457669927e-05,1.1389972337849185e-05,0.0,0.0,0.0,0.0,0.0,0.0,0.0,0.9999768357047873,2.93309666731834e-06,2.023119854541763e-05,0.0,0.0,0.0,0.0,0.0,0.0,0.0,199.46193193005277,0.005369492406082599,0.0,0.0,0.0,0.0,0.0,0.0,0.0,,0.0,,,1.344070485777932,1.6255851107561262e-08,0.0,0.0,0.0,0.0,0.0,0.0,0.0,0.0,7350.3750830910485,0,58337.43482952335,0,0,0
100.0,5.4767774769741715,0.0015253242555709147,1.1756570257815728,237.7318663678873,2647.263713515686,91.52825393749876,5.662665782492734,0.01801495977161103,0.9999519500162471,3.3090623091425186e-05,1.4959360661451205e-05,0.0,0.0,0.0,0.0,0.0,0.0,0.0,0.999969724854829,3.703806905341915e-06,2.6571338265655063e-05,0.0,0.0,0.0,0.0,0.0,0.0,0.0,99.84720941552557,0.003349409575876601,0.0,0.0,0.0,0.0,0.0,0.0,0.0,,0.0,,,0.9061152053639103,8.81580748638749e-09,0.0,0.0,0.0,0.0,0.0,0.0,0.0,0.0,7350.375083091047,0,58337.43482952336,0,0,0
90.0,5.448159116984112,0.0014255981305637357,1.1607066230618197,213.9764281475282,2650.48066796506,92.38830885611796,5.715398722375643,0.01801494930363769,0.9999501602455797,3.427449320403397e-05,1.5565261216252233e-05,0.0,0.0,0.0,0.0,0.0,0.0,0.0,0.9999685161052001,3.836318766806564e-06,2.764757603320253e-05,0.0,0.0,0.0,0.0,0.0,0.0,0.0,89.87440518075958,0.0031185368832258357,0.0,0.0,0.0,0.0,0.0,0.0,0.0,,0.0,,,0.8533822665813042,7.960963979564016e-09,0.0,0.0,0.0,0.0,0.0,0.0,0.0,0.0,7350.375083091049,0,58337.43482952336,0,0,0
80.0,5.4160065579586565,0.001321593393259613,1.1441200627231518,190.13253450915354,2653.861120368468,93.24907753741401,5.770730430275452,0.01801493715654157,0.9999480891668389,3.564556647095429e-05,1.6265266690213015e-05,0.0,0.0,0.0,0.0,0.0,0.0,0.0,0.9999671192449437,3.989784677429906e-06,2.889097037886674e-05,0.0,0.0,0.0,0.0,0.0,0.0,0.0,79.89917574457623,0.002879431716146784,0.0,0.0,0.0,0.0,0.0,0.0,0.0,,0.0,,,0.7980505597458936,7.179492004708452e-09,0.0,0.0,0.0,0.0,0.0,0.0,0.0,0.0,7350.3750830910485,0,58337.43482952336,0,0,0
70.0,5.379370140227199,0.0012125921207675437,1.1254907403518617,166.21895315698518,2657.4325663290338,94.10974874989166,5.829140363540404,0.01801492279375084,0.9999456473264148,3.726345947285825e-05,1.7089214112419697e-05,0.0,0.0,0.0,0.0,0.0,0.0,0.0,0.9999654746017321,4.17087769630275e-06,3.0354520571699914e-05,0.0,0.0,0.0,0.0,0.0,0.0,0.0,69.92143112868095,0.002630669878552716,0.0,0.0,0.0,0.0,0.0,0.0,0.0,,0.0,,,0.7396406276053281,6.387226979306566e-09,0.0,0.0,0.0,0.0,0.0,0.0,0.0,0.0,7350.3750830910485,0,58337.434829523365,0,0,0
60.0,5.336859899410898,0.0010976346336457985,1.1042337192610947,142.25812206484707,2661.2315919885264,94.9693605470883,5.8912810387109955,0.01801490539701081,0.9999426980292465,3.921921671590223e-05,1.8082754037567127e-05,0.0,0.0,0.0,0.0,0.0,0.0,0.0,0.9999634908957894,4.389788724567334e-06,3.2119315486014925e-05,0.0,0.0,0.0,0.0,0.0,0.0,0.0,59.94108216055629,0.0023703315258205094,0.0,0.0,0.0,0.0,0.0,0.0,0.0,,0.0,,,0.677499953639064,5.582116940409478e-09,0.0,0.0,0.0,0.0,0.0,0.0,0.0,0.0,7350.3750830910485,0,58337.43482952334,0,0,0
50.0,5.286319382122409,0.0009753726764176192,1.0794590500134704,118.27742913788852,2665.308829255575,95.82674747750616,5.958082060931824,0.01801488363334791,0.9999390186775358,4.1661114333679805e-05,1.9320208130610594e-05,0.0,0.0,0.0,0.0,0.0,0.0,0.0,0.9999610195124674,4.663114825062031e-06,3.431737270760771e-05,0.0,0.0,0.0,0.0,0.0,0.0,0.0,49.95804090231429,0.0020957212688225368,0.0,0.0,0.0,0.0,0.0,0.0,0.0,,0.0,,,0.6106989327343836,4.761345644239399e-09,0.0,0.0,0.0,0.0,0.0,0.0,0.0,0.0,7350.375083091047,0,58337.43482952335,0,0,0
40.0,5.224133011669926,0.0008437961036322153,1.0497086456777385,94.3113097459505,2669.7381330394396,96.68045409720148,6.030952664558824,0.018014855134640514,0.9999342139652013,4.485250322905365e-05,2.0933531569592127e-05,0.0,0.0,0.0,0.0,0.0,0.0,0.0,0.9999577965811096,5.020333876410522e-06,3.7183085014157206e-05,0.0,0.0,0.0,0.0,0.0,0.0,0.0,39.9722214730956,0.0018028223836150069,0.0,0.0,0.0,0.0,0.0,0.0,0.0,,0.0,,,0.5378283305908982,3.920826487395018e-09,0.0,0.0,0.0,0.0,0.0,0.0,0.0,0.0,7350.3750830910485,0,58337.434829523365,0,0,0
30.0,5.143516577410292,0.0006996395988675592,1.0123230062454018,70.40503175483151,2674.6354368933703,97.5285790337398,6.112229574966431,0.018014815128292075,0.9999274875354364,4.932397694645818e-05,2.318848761716855e-05,0.0,0.0,0.0,0.0,0.0,0.0,0.0,0.9999532906311451,5.520837511046245e-06,4.11885313437907e-05,0.0,0.0,0.0,0.0,0.0,0.0,0.0,29.983541833473936,0.0014851118255753215,0.0,0.0,0.0,0.0,0.0,0.0,0.0,,0.0,,,0.4565514219439062,3.05413595977578e-09,0.0,0.0,0.0,0.0,0.0,0.0,0.0,0.0,7350.375083091048,0,58337.43482952335,0,0,0
20.0,5.029222342901104,0.0005368258845200269,0.9615427846696581,46.62258391833257,2680.2038173337114,98.36845077739423,6.206380484012335,0.018014751827079456,0.9999168734152238,5.6385585586626874e-05,2.6740999189489596e-05,0.0,0.0,0.0,0.0,0.0,0.0,0.0,0.9999461898898777,6.31126622604752e-06,4.7498843896278214e-05,0.0,0.0,0.0,0.0,0.0,0.0,0.0,19.991928466168073,0.0011304500550639305,0.0,0.0,0.0,0.0,0.0,0.0,0.0,,0.0,,,0.3624005152012381,2.1498214230373766e-09,0.0,0.0,0.0,0.0,0.0,0.0,0.0,0.0,7350.3750830910485,0,58337.43482952335,0,0,0
10.0,4.832523538696205,0.00034071240406992055,0.8799679341530268,23.06777393892244,2686.868485362678,99.19576551131075,6.3246090289563615,0.018014621712972877,0.9998951167754209,7.087236831249122e-05,3.401085626659705e-05,0.0,0.0,0.0,0.0,0.0,0.0,0.0,0.9999316547607501,7.93283621173103e-06,6.041240303813114e-05,0.0,0.0,0.0,0.0,0.0,0.0,0.0,9.997333665879664,0.0007095836973601398,0.0,0.0,0.0,0.0,0.0,0.0,0.0,,0.0,,,0.24417197406202007,1.1820121087271155e-09,0.0,0.0,0.0,0.0,0.0,0.0,0.0,0.0,7350.375083091049,0,58337.43482952337,0,0,0
9.0,4.802514816927243,0.0003179102665644336,0.8681409825136679,20.731456987328627,2687.627390652306,99.2775327839815,6.3388348050368455,0.01801459917178054,0.9998913524723787,7.33798193240931e-05,3.5267708297245514e-05,0.0,0.0,0.0,0.0,0.0,0.0,0.0,0.999929141503523,8.213508736674089e-06,6.264498774026052e-05,0.0,0.0,0.0,0.0,0.0,0.0,0.0,8.997710762653954,0.0006611395930508186,0.0,0.0,0.0,0.0,0.0,0.0,0.0,,0.0,,,0.22994619857444887,1.0769867593085528e-09,0.0,0.0,0.0,0.0,0.0,0.0,0.0,0.0,7350.3750830910485,0,58337.43482952335,0,0,0
8.0,4.76893984782247,0.00029420829566342404,0.8550956280731195,18.399754310113337,2688.4087459897037,99.35907855726819,6.353759238717414,0.01801457301845872,0.9998869861472287,7.62885229930177e-05,3.672532977830659e-05,0.0,0.0,0.0,0.0,0.0,0.0,0.0,0.9999262266910844,8.539096519551148e-06,6.52342123960383e-05,0.0,0.0,0.0,0.0,0.0,0.0,0.0,7.998058740063819,0.0006109005929508452,0.0,0.0,0.0,0.0,0.0,0.0,0.0,,0.0,,,0.21502176556284616,9.730939226862931e-10,0.0,0.0,0.0,0.0,0.0,0.0,0.0,0.0,7350.3750830910485,0,58337.43482952336,0,0,0
7.0,4.730842306445522,0.0002694528012275973,0.840528975599641,16.073088236079705,2689.21436642193,99.4403856838915,6.36951128085473,0.01801454210020212,0.9998818257356467,7.972650578180751e-05,3.844775857149157e-05,0.0,0.0,0.0,0.0,0.0,0.0,0.0,0.999922782235846,8.923930753512353e-06,6.82938334004971e-05,0.0,0.0,0.0,0.0,0.0,0.0,0.0,6.998377968079413,0.0005585595184590098,0.0,0.0,0.0,0.0,0.0,0.0,0.0,,0.0,,,0.19926972419798406,8.674313669962918e-10,0.0,0.0,0.0,0.0,0.0,0.0,0.0,0.0,7350.3750830910485,0,58337.43482952336,0,0,0
6.0,4.686821189872633,0.00024343718443236475,0.8240046689433593,13.751962169896116,2690.045967246848,99.52143380066583,6.3862664589841796,0.018014504654571273,0.9998755776095695,8.388949562954107e-05,4.053289480101142e-05,0.0,0.0,0.0,0.0,0.0,0.0,0.0,0.9999186123181704,9.389921190227275e-06,7.19977606394791e-05,0.0,0.0,0.0,0.0,0.0,0.0,0.0,5.998668975565044,0.0005037033660741011,0.0,0.0,0.0,0.0,0.0,0.0,0.0,,0.0,,,0.18251454698225197,7.596961129210276e-10,0.0,0.0,0.0,0.0,0.0,0.0,0.0,0.0,7350.375083091047,0,58337.43482952335,0,0,0
5.0,4.634703754938251,0.00021587125258885445,0.8048589491792759,11.436992282344844,2690.9046579775086,99.6021980997331,6.404274880563313,0.018014457810270293,0.9998677634261705,8.90963533468625e-05,4.314022048273732e-05,0.0,0.0,0.0,0.0,0.0,0.0,0.0,0.9999133979390054,9.972761255472833e-06,7.662929973923555e-05,0.0,0.0,0.0,0.0,0.0,0.0,0.0,4.998932542348207,0.00044575198398894255,0.0,0.0,0.0,0.0,0.0,0.0,0.0,,0.0,,,0.16450612651952096,6.494731718381632e-10,0.0,0.0,0.0,0.0,0.0,0.0,0.0,0.0,7350.375083091048,0,58337.43482952336,0,0,0
4.0,4.570848680323952,0.00018632239884696828,0.7820045950664334,9.128960317352897,2691.789515680016,99.68264730058463,6.4239157564470615,0.018014396465936774,0.999857533369438,9.591357066240924e-05,4.655305989968956e-05,0.0,0.0,0.0,0.0,0.0,0.0,0.0,0.9999065723805854,1.0735864742922706e-05,8.269175467160026e-05,0.0,0.0,0.0,0.0,0.0,0.0,0.0,3.999169875768673,0.00038384044423589155,0.0,0.0,0.0,0.0,0.0,0.0,0.0,,0.0,,,0.14486525206375195,5.361621332554024e-10,0.0,0.0,0.0,0.0,0.0,0.0,0.0,0.0,7350.375083091048,0,58337.43482952335,0,0,0
3.0,4.4884268327796715,0.0001540879046563857,0.7534592091223201,6.828910387785584,2692.6931303959686,99.76273998020949,6.445817969442778,0.018014310340072143,0.9998431747768094,0.00010548283569200567,5.1342387498647337e-05,0.0,0.0,0.0,0.0,0.0,0.0,0.0,0.9998969935376957,1.1807034844749345e-05,9.119942745946593e-05,0.0,0.0,0.0,0.0,0.0,0.0,0.0,2.9993829939404915,0.00031656366430989535,0.0,0.0,0.0,0.0,0.0,0.0,0.0,,0.0,,,0.12296304102656926,4.188230477002719e-10,0.0,0.0,0.0,0.0,0.0,0.0,0.0,0.0,7350.375083091047,0,58337.43482952335,0,0,0
2.0,4.372098685761659,0.00011785980889437085,0.7149316954951488,4.53835375932325,2693.584570912874,99.84241695268379,6.471184074781154,0.01801417403908316,0.9998204578954261,0.00012062381687227841,5.891828770160788e-05,0.0,0.0,0.0,0.0,0.0,0.0,0.0,0.9998818408013473,1.3501915980913955e-05,0.00010465728267173798,0.0,0.0,0.0,0.0,0.0,0.0,0.0,1.9995757315306983,0.0002413061581305742,0.0,0.0,0.0,0.0,0.0,0.0,0.0,,0.0,,,0.09759693871688974,2.957891237535815e-10,0.0,0.0,0.0,0.0,0.0,0.0,0.0,0.0,7350.375083091049,0,58337.434829523365,0,0,0
1.0,4.1728833465918305,7.448618364975903e-05,0.6534667098685615,2.2598248061060437,2694.3104525656777,99.92158123039768,6.503030108150995,0.018013893811423525,0.9997737677181692,0.00015174609818102702,7.448618364975906e-05,0.0,0.0,0.0,0.0,0.0,0.0,0.0,0.9998507013889447,1.6985824140818734e-05,0.00013231278691453328,0.0,0.0,0.0,0.0,0.0,0.0,0.0,0.9997574571346766,0.0001517645032831258,0.0,0.0,0.0,0.0,0.0,0.0,0.0,,0.0,,,0.06575091143300482,1.6332352592674012e-10,0.0,0.0,0.0,0.0,0.0,0.0,0.0,0.0,7350.375083091048,0,58337.43482952335,0,0,0
